continent,
Asia,เอเชีย
Europe,ยุโรป
Europe,ยุโรป
Africa,แอฟริกา
Australia,ออสเตรเลีย
Europe,ยุโรป
Africa,แอฟริกา
Americas,อเมริกา
,#VALUE!
Americas,อเมริกา
Americas,อเมริกา
Asia,เอเชีย
Americas,อเมริกา
Australia,ออสเตรเลีย
Europe,ยุโรป
Asia,เอเชีย
Americas,อเมริกา
Asia,เอเชีย
Asia,เอเชีย
Americas,อเมริกา
Europe,ยุโรป
Europe,ยุโรป
Americas,อเมริกา
Africa,แอฟริกา
Americas,อเมริกา
Asia,เอเชีย
Americas,อเมริกา
Americas,อเมริกา
Europe,ยุโรป
Africa,แอฟริกา
,#VALUE!
Americas,อเมริกา
,#VALUE!
Asia,เอเชีย
Europe,ยุโรป
Africa,แอฟริกา
Africa,แอฟริกา
Asia,เอเชีย
Africa,แอฟริกา
Americas,อเมริกา
Africa,แอฟริกา
Americas,อเมริกา
Africa,แอฟริกา
Africa,แอฟริกา
Americas,อเมริกา
Asia,เอเชีย
,#VALUE!
,#VALUE!
Americas,อเมริกา
Africa,แอฟริกา
Africa,แอฟริกา
Africa,แอฟริกา
Australia,ออสเตรเลีย
Americas,อเมริกา
Africa,แอฟริกา
Europe,ยุโรป
Americas,อเมริกา
Americas,อเมริกา
Asia,เอเชีย
Europe,ยุโรป
Europe,ยุโรป
Africa,แอฟริกา
Americas,อเมริกา
Americas,อเมริกา
Americas,อเมริกา
Africa,แอฟริกา
Americas,อเมริกา
Africa,แอฟริกา
Africa,แอฟริกา
Europe,ยุโรป
Africa,แอฟริกา
Americas,อเมริกา
Europe,ยุโรป
Australia,ออสเตรเลีย
Europe,ยุโรป
Europe,ยุโรป
Americas,อเมริกา
Australia,ออสเตรเลีย
,#VALUE!
Africa,แอฟริกา
Africa,แอฟริกา
Asia,เอเชีย
Europe,ยุโรป
Africa,แอฟริกา
Europe,ยุโรป
Europe,ยุโรป
Americas,อเมริกา
Americas,อเมริกา
Americas,อเมริกา
Australia,ออสเตรเลีย
Americas,อเมริกา
Europe,ยุโรป
Africa,แอฟริกา
Africa,แอฟริกา
Americas,อเมริกา
Americas,อเมริกา
,#VALUE!
Europe,ยุโรป
Americas,อเมริกา
Asia,เอเชีย
Europe,ยุโรป
Europe,ยุโรป
Asia,เอเชีย
Asia,เอเชีย
Asia,เอเชีย
Asia,เอเชีย
Europe,ยุโรป
Europe,ยุโรป
Asia,เอเชีย
Europe,ยุโรป
Americas,อเมริกา
Asia,เอเชีย
Europe,ยุโรป
Asia,เอเชีย
Asia,เอเชีย
Africa,แอฟริกา
Australia,ออสเตรเลีย
Asia,เอเชีย
Asia,เอเชีย
Asia,เอเชีย
Asia,เอเชีย
Asia,เอเชีย
Europe,ยุโรป
Asia,เอเชีย
Africa,แอฟริกา
Africa,แอฟริกา
Africa,แอฟริกา
Europe,ยุโรป
Europe,ยุโรป
Europe,ยุโรป
Asia,เอเชีย
Europe,ยุโรป
Africa,แอฟริกา
Africa,แอฟริกา
Asia,เอเชีย
Asia,เอเชีย
Africa,แอฟริกา
Europe,ยุโรป
Australia,ออสเตรเลีย
Americas,อเมริกา
Africa,แอฟริกา
Africa,แอฟริกา
Africa,แอฟริกา
Americas,อเมริกา
Australia,ออสเตรเลีย
Europe,ยุโรป
Europe,ยุโรป
Asia,เอเชีย
Europe,ยุโรป
Americas,อเมริกา
Africa,แอฟริกา
Africa,แอฟริกา
Asia,เอเชีย
Africa,แอฟริกา
Australia,ออสเตรเลีย
Asia,เอเชีย
Europe,ยุโรป
Australia,ออสเตรเลีย
Australia,ออสเตรเลีย
Americas,อเมริกา
Africa,แอฟริกา
Africa,แอฟริกา
Australia,ออสเตรเลีย
Australia,ออสเตรเลีย
Australia,ออสเตรเลีย
Europe,ยุโรป
Asia,เอเชีย
Asia,เอเชีย
Australia,ออสเตรเลีย
Asia,เอเชีย
Americas,อเมริกา
Australia,ออสเตรเลีย
Americas,อเมริกา
Americas,อเมริกา
Asia,เอเชีย
Australia,ออสเตรเลีย
Europe,ยุโรป
Europe,ยุโรป
Americas,อเมริกา
Asia,เอเชีย
Africa,แอฟริกา
Europe,ยุโรป
Europe,ยุโรป
Africa,แอฟริกา
Americas,อเมริกา
Africa,แอฟริกา
Americas,อเมริกา
Americas,อเมริกา
Americas,อเมริกา
Americas,อเมริกา
Americas,อเมริกา
Australia,ออสเตรเลีย
Europe,ยุโรป
Africa,แอฟริกา
Asia,เอเชีย
Africa,แอฟริกา
Europe,ยุโรป
Africa,แอฟริกา
Africa,แอฟริกา
Asia,เอเชีย
Americas,อเมริกา
Europe,ยุโรป
Europe,ยุโรป
Australia,ออสเตรเลีย
Africa,แอฟริกา
Africa,แอฟริกา
,#VALUE!
Africa,แอฟริกา
Europe,ยุโรป
Asia,เอเชีย
Africa,แอฟริกา
Americas,อเมริกา
Europe,ยุโรป
Africa,แอฟริกา
Europe,ยุโรป
Europe,ยุโรป
Asia,เอเชีย
Asia,เอเชีย
Asia,เอเชีย
Africa,แอฟริกา
Asia,เอเชีย
Asia,เอเชีย
Africa,แอฟริกา
Australia,ออสเตรเลีย
Australia,ออสเตรเลีย
Americas,อเมริกา
Africa,แอฟริกา
Asia,เอเชีย
Asia,เอเชีย
Americas,อเมริกา
Australia,ออสเตรเลีย
Africa,แอฟริกา
Europe,ยุโรป
Asia,เอเชีย
Europe,ยุโรป
Americas,อเมริกา
,#VALUE!
Americas,อเมริกา
Asia,เอเชีย
Australia,ออสเตรเลีย
Americas,อเมริกา
Asia,เอเชีย
Americas,อเมริกา
Americas,อเมริกา
Australia,ออสเตรเลีย
Africa,แอฟริกา
Asia,เอเชีย
Africa,แอฟริกา
Africa,แอฟริกา